ENG1002,501100000
ENG1003,501100000
ENG1015,501100000
ENG1026,501100000
ENG1033,501100000
ENG1062,501100000
ENG1063,501100000
ENG1065,501100000
ENG1066,501100000
ENG2002,501200000
ENG2037,501200000
ENG2042,501200000
ENG2045,501200000
ENG2053,501200000
ENG2077,501200000
ENG2081,501200000
ENG2084,501200000
ENG2085,501200000
ENG2086,501200000
ENG3001,501300000
ENG3006,501300000
ENG3021,501300000
ENG3034,501300000
ENG3036,501300000
ENG3042,501300000
ENG3059,501300000
ENG3060,501300000
ENG3062,501300000
ENG3081,501300000
ENG4013,501400000
ENG4014,501500000
ENG4020,501400000
ENG4020,501400000
ENG4023,501400000
ENG4023,501400000
ENG4037,501400000
ENG4037,501400000
ENG4042,501400000
ENG4067,501400000
ENG4067,501400000
ENG4074,501400000
ENG4074,501400000
ENG4079,501400000
ENG4085,501500000
ENG4088,501400000
ENG4102,501400000
ENG4102,501400000
ENG4110P,501400000
ENG4118,501400000
ENG4121,501400000
ENG4173,501400000
ENG4175,501400000
ENG4179,501400000
ENG4184,501400000
ENG4185,501400000
ENG5009,501600000
ENG5014,501600000
ENG5017,501600000
ENG5019,501600000
ENG5031,501600000
ENG5041P,501600000
ENG5048,501600000
ENG5072,501600000
ENG5081,501600000
ENG5263,501600000
ENG5265,501600000
ENG5278,501600000
ENG5280,501600000
ENG5303,501600000
ENG5307,501600000
