ENG1015,502100000
ENG1062,502100000
ENG1063,502100000
ENG1026,502100000
ENG1033,502100000
ENG1016,502100000
ENG1065,502100000
ENG1066,502100000
ENG1003,502100000
ENG2015,502200000
ENG2016,502200000
ENG2081,502200000
ENG2082,502200000
ENG2084,502200000
ENG2085,502200000
ENG2086,502200000
ENG2039,502200000
ENG2045,502200000
ENG2053,502200000
ENG2077,502200000
ENG3015,502300000
ENG3030,502300000
ENG3032,502300000
ENG3034,502300000
ENG3035,502300000
ENG3036,502300000
ENG3037,502300000
ENG3039,502300000
ENG3053,502300000
ENG4025,502300000
ENG3017,502300000
ENG3028,502300000
ENG3041,502300000
ENG4110P,502400000
ENG4085,502500000
ENG4042,502400000
ENG4079,502400000
ENG4088,502400000
ENG4094,502400000
ENG4098,502400000
ENG4118,502400000
ENG4137,502400000
ENG4173,502400000
ENG4179,502400000
ENG4186,502400000
ENG4004,502400000
ENG4091,502500000
ENG5041P,502600000
ENG4054,502600000
ENG4092,502600000
ENG5009,502600000
ENG5017,502600000
ENG5048,502600000
ENG5279,502600000
ENG5227,502600000
ENG5301,502600000
ENG5302,502600000
ENG5303,502600000
