ENG2016,5,ENG1016,5
ENG2016,6,ENG1016,6
ENG2016,9,ENG1016,9
ENG2016,10,ENG1016,10
ENG2016,11,ENG1016,11
ENG2016,12,ENG1016,12
ENG2016,15,ENG1015,3
ENG2016,17,ENG1015,5
ENG2015,14,ENG1015,6
ENG2015,15,ENG1015,7
ENG2015,16,ENG1015,8
ENG2015,17,ENG1015,10
ENG2015,18,ENG1015,11
ENG2015,20,ENG1015,12
ENG3017,1,ENG2016,1
ENG3017,2,ENG2016,2
ENG3017,4,ENG1016,2
ENG3017,10,ENG2016,6
ENG3017,11,ENG1016,7
ENG3017,12,ENG2016,7
ENG3017,13,ENG2016,8
ENG3017,17,ENG2016,9
ENG3017,17,ENG2016,3
ENG3017,21,ENG2016,12
ENG3017,17,ENG2016,15
ENG3017,17,ENG2016,16
ENG3017,24,ENG1015,13
ENG3017,25,ENG2016,18
ENG3035,14,ENG2015,23
ENG3035,15,ENG2015,24
ENG3035,17,ENG2015,25
ENG3035,18,ENG2015,26
ENG3035,19,ENG2015,27
ENG4186,1,ENG2016,19
ENG4186,3,ENG3017,10
ENG4186,5,ENG1016,8
ENG4186,7,ENG3017,12
ENG4186,10,ENG1016,15
ENG4186,11,ENG3017,6
ENG4186,15,ENG1016,17
ENG4186,17,ENG3017,17
ENG4186,17,ENG3035,15
ENG4186,17,ENG3017,21
ENG4186,17,ENG2016,15
ENG4186,17,ENG2016,16
ENG4186,17,ENG2016,17
ENG4186,18,ENG3017,7
ENG4186,19,ENG1016,13
ENG4186,20,ENG3017,8
ENG4186,21,ENG3017,9
